{
  "replace": true,
  "values": [
    {
      "type": "block",
      "block": "minecraft:coal_ore",
      "weight": 67415
    },
    {
      "type": "block",
      "block": "minecraft:iron_ore",
      "weight": 29371
    },
    {
      "type": "block",
      "block": "minecraft:redstone_ore",
      "weight": 7654
    },
    {
      "type": "block",
      "block": "minecraft:gold_ore",
      "weight": 2647
    },
    {
      "type": "block",
      "block": "minecraft:emerald_ore",
      "weight": 1239
    },
    {
      "type": "block",
      "block": "minecraft:lapis_ore",
      "weight": 1079
    },
    {
      "type": "block",
      "block": "immersiveengineering:ore_aluminum",
      "weight": 13762
    },
    {
      "type": "block",
      "block": "cavesandcliffs:copper_ore",
      "weight": 5567
    },
    {
      "type": "tag",
      "tag": "forge:ores/galena",
      "weight": 4096
    },
    {
      "type": "block",
      "block": "thermal:lead_ore",
      "weight": 4093
    },
    {
      "type": "tag",
      "tag": "forge:ores/mithril",
      "weight": 6485
    },
    {
      "type": "block",
      "block": "thermal:nickel_ore",
      "weight": 2275
    },
    {
      "type": "tag",
      "tag": "forge:ores/osmium",
      "weight": 6915
    },
    {
      "type": "tag",
      "tag": "forge:ores/platinum",
      "weight": 956
    },
    {
      "type": "block",
      "block": "thermal:silver_ore",
      "weight": 4315
    },
    {
      "type": "block",
      "block": "thermal:tin_ore",
      "weight": 8251
    },
    {
      "type": "tag",
      "tag": "forge:ores/tungsten",
      "weight": 140
    },
    {
      "type": "tag",
      "tag": "forge:ores/zinc",
      "weight": 838
    },
    {
      "type": "tag",
      "tag": "forge:ores/amber",
      "weight": 902
    },
    {
      "type": "tag",
      "tag": "forge:ores/ruby",
      "weight": 1384
    },
    {
      "type": "tag",
      "tag": "forge:ores/sapphire",
      "weight": 1287
    },
    {
      "type": "tag",
      "tag": "forge:ores/topaz",
      "weight": 6436
    },
    {
      "type": "tag",
      "tag": "forge:ores/amethyst",
      "weight": 1307
    },
    {
      "type": "tag",
      "tag": "forge:ores/malachite",
      "weight": 160
    },
    {
      "type": "block",
      "block": "immersiveengineering:ore_uranium",
      "weight": 3520
    },
    {
      "type": "tag",
      "tag": "forge:ores/teslatite",
      "weight": 4312
    },
    {
      "type": "tag",
      "tag": "forge:ores/dark",
      "weight": 1350
    },
    {
      "type": "tag",
      "tag": "forge:ores/apatite",
      "weight": 250
    },
    {
      "type": "tag",
      "tag": "forge:ores/inferium",
      "weight": 10000
    },
    {
      "type": "tag",
      "tag": "forge:ores/prosperity",
      "weight": 7420
    },
    {
      "type": "tag",
      "tag": "forge:ores/olivine",
      "weight": 1100
    },
    {
      "type": "tag",
      "tag": "forge:ores/sulfur",
      "weight": 1105
    },
    {
      "type": "tag",
      "tag": "forge:ores/sulphur",
      "weight": 1105
    },
    {
      "type": "tag",
      "tag": "forge:ores/adamantium",
      "weight": 1469
    },
    {
      "type": "tag",
      "tag": "forge:ores/bismuth",
      "weight": 2407
    },
    {
      "type": "tag",
      "tag": "forge:ores/cinnabar",
      "weight": 2585
    }
  ]
}