{
  "variants": {
    "persistent=true,distance=1": { "model": "minecraft:block/mangrove_leaves_distance_1" },
    "persistent=false,distance=1": { "model": "minecraft:block/mangrove_leaves_distance_1" },	
    "persistent=true,distance=2": { "model": "minecraft:block/mangrove_leaves_distance_2" },
    "persistent=false,distance=2": { "model": "minecraft:block/mangrove_leaves_distance_2" },	
    "persistent=true,distance=3": { "model": "minecraft:block/mangrove_leaves_distance_3" },
    "persistent=false,distance=3": { "model": "minecraft:block/mangrove_leaves_distance_3" },	
    "persistent=true,distance=4": { "model": "minecraft:block/mangrove_leaves_distance_4" },
    "persistent=false,distance=4": { "model": "minecraft:block/mangrove_leaves_distance_4" },	
    "persistent=true,distance=5": { "model": "minecraft:block/mangrove_leaves_distance_5" },
    "persistent=false,distance=5": { "model": "minecraft:block/mangrove_leaves_distance_5" },	
    "persistent=true,distance=6": { "model": "minecraft:block/mangrove_leaves_distance_6" },
    "persistent=false,distance=6": { "model": "minecraft:block/mangrove_leaves_distance_6" },	
    "persistent=true,distance=7": { "model": "minecraft:block/mangrove_leaves_distance_7" },
	"persistent=false,distance=7": {"model": "minecraft:block/mangrove_leaves_decayed"}	
  }
}