{
	"credit": "by mr_ch0c0late",
	"parent": "block/cube_top",
	"textures": {
		"2": "block/jukebox_record",
		"top": "block/jukebox_top",
		"side": "block/jukebox_side",
		"particle": "block/jukebox_top"
	},
	"elements": [
		{
			"from": [0, 0, 0],
			"to": [16, 16, 16],
			"faces": {
				"north": {"uv": [0, 0, 16, 16], "texture": "#side"},
				"east": {"uv": [0, 0, 16, 16], "texture": "#side"},
				"south": {"uv": [0, 0, 16, 16], "texture": "#side"},
				"west": {"uv": [0, 0, 16, 16], "texture": "#side"},
				"up": {"uv": [0, 0, 16, 16], "texture": "#top"},
				"down": {"uv": [0, 0, 16, 16], "texture": "#side"}
			}
		},
		{
			"from": [8, 16, 3],
			"to": [8, 17, 13],
			"faces": {
				"east": {"uv": [3, 15, 13, 16], "texture": "#2"},
				"west": {"uv": [3, 15, 13, 16], "texture": "#2"}
			}
		},
		{
			"from": [8, 17, 5],
			"to": [8, 18, 11],
			"faces": {
				"east": {"uv": [5, 14, 11, 15], "texture": "#2"},
				"west": {"uv": [5, 14, 11, 15], "texture": "#2"}
			}
		}
	]
}